Codigo,Nombre Oferta,Empresa,Ubicacion,Modalidad,Seniority,Nivel_Educacion,Anios_Experiencia,Salario_COP,Salario_Millones,Habilidad,URL
035B7AFE324A728461373E686DCF3405,Junior Data Scientist,Appril Labs S.A.S.,"Bogotá, D.C., Bogotá, D.C.",Presencial y remoto,Semi-Senior (2-3 años),Universidad / Carrera Profesional,2,,,"Python, SQL, Power BI, Spark / PySpark, Databricks, Estadística / Modelamiento, ETL / Pipelines de Datos",https://co.computrabajo.com/ofertas-de-trabajo/oferta-de-trabajo-de-junior-data-scientist-analitica-de-datos-databricks-sql-python-en-bogota-dc-035B7AFE324A728461373E686DCF3405#lc=ListOffers-Score4-0
1F6FE299A0A3885261373E686DCF3405,Científico(a) de Datos Senior Bogotá,Gi Group Colombia,"Bogotá, D.C., Bogotá, D.C.",Presencial y remoto,Semi-Senior (2-3 años),Universidad / Carrera Profesional,3,7000000.0,7.0,"Python, SQL, Spark / PySpark, Databricks, Machine Learning General, Scikit-Learn, Estadística / Modelamiento",https://co.computrabajo.com/ofertas-de-trabajo/oferta-de-trabajo-de-cientificoa-de-datos-senior-bogota-en-bogota-dc-1F6FE299A0A3885261373E686DCF3405#lc=ListOffers-Score4-1
E4CAF8043677CCBE61373E686DCF3405,Científico de Datos Junior,RapiCredit,"Bogotá, D.C., Bogotá, D.C.",Presencial y remoto,Junior / Trainee (0-1 años),Universidad / Carrera Profesional,1,,,"Python, R, SQL, Power BI, Excel Avanzado, Estadística / Modelamiento, ETL / Pipelines de Datos",https://co.computrabajo.com/ofertas-de-trabajo/oferta-de-trabajo-de-cientifico-de-datos-junior-en-bogota-dc-E4CAF8043677CCBE61373E686DCF3405#lc=ListOffers-Score4-2
67093B244104B55961373E686DCF3405,Científico de Datos / Desarrollador Full Stack,Gestión Profesional S.A.S,"4,2",No especificada,Junior / Trainee (0-1 años),Universidad / Carrera técnica,1,3600000.0,3.6,"Python, SQL, Machine Learning General, Git / Control de Versiones",https://co.computrabajo.com/ofertas-de-trabajo/oferta-de-trabajo-de-cientifico-de-datos-desarrollador-full-stack-bogota-urgente-en-bogota-dc-67093B244104B55961373E686DCF3405#lc=ListOffers-Score4-3
CB72055DC19256A061373E686DCF3405,Científico de datos / Data Scientist // Inglés B2+ o C1,BRM S.A.S,"4,3",Remoto,Semi-Senior (2-3 años),Universidad / Carrera Profesional,2,6500000.0,6.5,"Python, R, SQL, Power BI, Excel Avanzado, Google Cloud (GCP), Machine Learning General, Deep Learning, TensorFlow / Keras, PyTorch, Estadística / Modelamiento",https://co.computrabajo.com/ofertas-de-trabajo/oferta-de-trabajo-de-cientifico-de-datos-data-scientist-ingles-b2-o-c1-dominio-de-sql-r-y-python-en-bogota-dc-CB72055DC19256A061373E686DCF3405#lc=ListOffers-Score4-4
A90922700A58F09E61373E686DCF3405,Científico de Datos / Desarrollador Full Stack,Gestión Profesional S.A.S,"4,2",No especificada,Junior / Trainee (0-1 años),Universidad / Carrera técnica,1,3600000.0,3.6,"Python, SQL, Machine Learning General, Git / Control de Versiones",https://co.computrabajo.com/ofertas-de-trabajo/oferta-de-trabajo-de-cientifico-de-datos-desarrollador-full-stack-bogota-urgente-en-bogota-dc-A90922700A58F09E61373E686DCF3405#lc=ListOffers-Score4-5
A332D4F7487E8D7961373E686DCF3405,Científico de datos,MINEROS S.A,"Medellín, Antioquia",No especificada,Semi-Senior (2-3 años),Postgrado / Especialización,3,,,"Python, SQL, Power BI, Tableau, Databricks, AWS, Azure, Google Cloud (GCP), Machine Learning General, NLP / LLMs, Scikit-Learn, Estadística / Modelamiento, MLOps",https://co.computrabajo.com/ofertas-de-trabajo/oferta-de-trabajo-de-cientifico-de-datos-en-medellin-A332D4F7487E8D7961373E686DCF3405#lc=ListOffers-Score4-6
DB82353070A3B09A61373E686DCF3405,Cientifico de datos Junior,TERANOVA LABS SAS,"Bogotá, D.C., Bogotá, D.C.",Presencial y remoto,Junior / Trainee (0-1 años),Universidad / Carrera Profesional,1,,,"Python, R",https://co.computrabajo.com/ofertas-de-trabajo/oferta-de-trabajo-de-cientifico-de-datos-junior-en-bogota-dc-DB82353070A3B09A61373E686DCF3405#lc=ListOffers-Score4-7
9A0DDB39E9CBDFD861373E686DCF3405,Científico de Datos,Confidencial / No especificada,"Bogotá, D.C., Bogotá, D.C.",No especificada,Semi-Senior (2-3 años),Universidad / Carrera Profesional,3,5000000.0,5.0,"Python, R, SQL, Machine Learning General, NLP / LLMs, Estadística / Modelamiento",https://co.computrabajo.com/ofertas-de-trabajo/oferta-de-trabajo-de-cientifico-de-datos-en-bogota-dc-9A0DDB39E9CBDFD861373E686DCF3405#lc=ListOffers-Score4-8
9E45019E88C18D4461373E686DCF3405,Científico de Datos Machine Learning,LIQUITTY COLOMBIA - CIBERGESTION COLOMBIA.,"4,3",No especificada,Junior / Trainee (0-1 años),Universidad / Carrera Profesional,1,,,"Python, R, SQL, Spark / PySpark, Machine Learning General, Estadística / Modelamiento, Bases de Datos NoSQL",https://co.computrabajo.com/ofertas-de-trabajo/oferta-de-trabajo-de-cientifico-de-datos-machine-learning-medellin-en-medellin-9E45019E88C18D4461373E686DCF3405#lc=ListOffers-Score4-9
8F5F2E33B1F632A161373E686DCF3405,Científico de Datos Junior,NEXA BPO,"4,4",Presencial y remoto,Junior / Trainee (0-1 años),Universidad / Carrera Profesional,1,3250000.0,3.25,"AWS, NLP / LLMs, Estadística / Modelamiento",https://co.computrabajo.com/ofertas-de-trabajo/oferta-de-trabajo-de-cientifico-de-datos-junior-en-bogota-dc-8F5F2E33B1F632A161373E686DCF3405#lc=ListOffers-Score4-10
A07C908FD7DDE2D261373E686DCF3405,Científico de datos  Python y R,As Talento SAS,"Bogotá, D.C., Bogotá, D.C.",Remoto,Semi-Senior (2-3 años),Postgrado / Maestría,3,,,"Python, R, AWS, Machine Learning General, Scikit-Learn, Estadística / Modelamiento, MLOps",https://co.computrabajo.com/ofertas-de-trabajo/oferta-de-trabajo-de-cientifico-de-datos-python-y-r-python-y-r-en-bogota-dc-A07C908FD7DDE2D261373E686DCF3405#lc=ListOffers-Score4-11
7430872D4BA44D7461373E686DCF3405,Analista de datos,Confidencial / No especificada,"Barranquilla, Atlántico",No especificada,Semi-Senior (2-3 años),Universidad / Carrera Profesional,2,3000000.0,3.0,"Python, R, SQL, Power BI, Excel Avanzado, Machine Learning General",https://co.computrabajo.com/ofertas-de-trabajo/oferta-de-trabajo-de-analista-de-datos-cientifico-de-datos-en-barranquilla-7430872D4BA44D7461373E686DCF3405#lc=ListOffers-Score4-12
83A345050F2E833261373E686DCF3405,Científico de Datos,Confidencial / No especificada,"Bogotá, D.C., Bogotá, D.C.",Presencial y remoto,Junior / Trainee (0-1 años),Universidad / Carrera Profesional,1,3250600.0,3.2506,"Power BI, AWS, NLP / LLMs, Estadística / Modelamiento",https://co.computrabajo.com/ofertas-de-trabajo/oferta-de-trabajo-de-cientifico-de-datos-conocimiento-en-aws-en-bogota-dc-83A345050F2E833261373E686DCF3405#lc=ListOffers-Score4-13
A3F6E52C375CA7E961373E686DCF3405,Mid/Senior Data Scientist,TECH365 S.A.S.,"Medellín, Antioquia",Presencial y remoto,Semi-Senior (2-3 años),Universidad / Carrera técnica,3,,,"Python, SQL, Machine Learning General",https://co.computrabajo.com/ofertas-de-trabajo/oferta-de-trabajo-de-midsenior-data-scientist-en-medellin-A3F6E52C375CA7E961373E686DCF3405#lc=ListOffers-Score4-14
3806322D2064E11A61373E686DCF3405,Científico de Datos Senior,Confidencial / No especificada,"Medellín, Antioquia",No especificada,Senior (4-5 años),Universidad / Carrera Profesional,4,5000000.0,5.0,"Python, Excel Avanzado, Estadística / Modelamiento",https://co.computrabajo.com/ofertas-de-trabajo/oferta-de-trabajo-de-cientifico-de-datos-senior-para-medellin-en-medellin-3806322D2064E11A61373E686DCF3405#lc=ListOffers-Score4-15
CF6F6E9E16B17AB961373E686DCF3405,"Profesional II  Back (Bogotá, 113847)",NUEVA EPS S.A,"4,6",No especificada,Semi-Senior (2-3 años),Postgrado / Especialización,3,5000000.0,5.0,Excel Avanzado,https://co.computrabajo.com/ofertas-de-trabajo/oferta-de-trabajo-de-profesional-ii-back-bogota-113847-en-bogota-dc-CF6F6E9E16B17AB961373E686DCF3405#lc=ListOffers-Score3-17
74942BE9629A76E661373E686DCF3405,"Analista de Investigación Clínica, Bogotá",ASOCIACION PROFAMILIA,"4,7",No especificada,Semi-Senior (2-3 años),Universidad / Carrera Profesional,2,,,"Python, R",https://co.computrabajo.com/ofertas-de-trabajo/oferta-de-trabajo-de-analista-de-investigacion-clinica-bogota-en-bogota-dc-74942BE9629A76E661373E686DCF3405#lc=ListOffers-Score3-18
225E7DFA0B9505C861373E686DCF3405,"Visitador médico con 1 año de experiencia en esta labor, se aceptan desde estudiantes",Confidencial / No especificada,"Bucaramanga, Santander",No especificada,Junior / Trainee (0-1 años),Universidad / Carrera Profesional,1,3583000.0,3.583,Excel Avanzado,https://co.computrabajo.com/ofertas-de-trabajo/oferta-de-trabajo-de-visitador-medico-con-1-ano-de-experiencia-en-esta-labor-se-aceptan-desde-estudiantes-de-8-semestre-carrera-profesional-en-bucaramanga-225E7DFA0B9505C861373E686DCF3405#lc=ListOffers-Score3-0
AC49CD151C0B224C61373E686DCF3405,Visitador/a Medico/a,Confidencial / No especificada,"Bucaramanga, Santander",No especificada,Junior / Trainee (0-1 años),Universidad / Carrera Profesional,1,,,Excel Avanzado,https://co.computrabajo.com/ofertas-de-trabajo/oferta-de-trabajo-de-visitadora-medicoa-en-bucaramanga-AC49CD151C0B224C61373E686DCF3405#lc=ListOffers-Score3-1
968C944FFE0F865261373E686DCF3405,Joven investigadora,RYMEL INGENIERIA ELECTRICA S . A . S .,"Copacabana, Antioquia",No especificada,Junior / Trainee (0-1 años),Universidad / Carrera Profesional,1,2799998.0,2.799998,Machine Learning General,https://co.computrabajo.com/ofertas-de-trabajo/oferta-de-trabajo-de-joven-investigadora-copacabana-en-copacabana-968C944FFE0F865261373E686DCF3405#lc=ListOffers-Score3-6
086FBCA6BF604F3261373E686DCF3405,Data Engineer,DROPI,"Cali, Valle del Cauca",Presencial y remoto,Junior / Trainee (0-1 años),Universidad / Carrera Profesional,1,,,"Python, SQL, AWS, Estadística / Modelamiento, ETL / Pipelines de Datos, Git / Control de Versiones",https://co.computrabajo.com/ofertas-de-trabajo/oferta-de-trabajo-de-data-engineer-en-cali-086FBCA6BF604F3261373E686DCF3405#lc=ListOffers-Score3-7
A81ACA70D2C1DFC861373E686DCF3405,Coordinador(a) de Estudios Clínicos,Grupo AUNA,"Medellín, Antioquia",Presencial y remoto,Semi-Senior (2-3 años),Universidad / Carrera Profesional,2,4860000.0,4.86,Google Cloud (GCP),https://co.computrabajo.com/ofertas-de-trabajo/oferta-de-trabajo-de-coordinadora-de-estudios-clinicos-en-medellin-A81ACA70D2C1DFC861373E686DCF3405#lc=ListOffers-Score3-12
10843DE0ACB1CAD161373E686DCF3405,Cientifiico/a de Datos,Gestión Profesional S.A.S,"4,2",No especificada,Junior / Trainee (0-1 años),Universidad / Carrera Profesional,1,3799999.0,3.799999,"Python, R, SQL, Excel Avanzado, Machine Learning General, Scikit-Learn, TensorFlow / Keras, Estadística / Modelamiento",https://co.computrabajo.com/ofertas-de-trabajo/oferta-de-trabajo-de-cientifiicoa-de-datos-bogota-urgente-en-bogota-dc-10843DE0ACB1CAD161373E686DCF3405#lc=ListOffers-Score3-13
DA88D82DED390D3561373E686DCF3405,Auxiliar III Calidad e Indicadores Bogotá 113969,NUEVA EPS S.A,"4,6",Presencial y remoto,Junior / Trainee (0-1 años),Universidad / Carrera técnica,1,2305000.0,2.305,Excel Avanzado,https://co.computrabajo.com/ofertas-de-trabajo/oferta-de-trabajo-de-auxiliar-iii-calidad-e-indicadores-bogota-113969-en-bogota-dc-DA88D82DED390D3561373E686DCF3405#lc=ListOffers-Score0-15
3F5784540DC203AE61373E686DCF3405,Coordinador de calidad,Motorreductores y equipos,"Medellín, Antioquia",No especificada,Senior (4-5 años),Universidad / Carrera tecnológica,5,3000000.0,3.0,Excel Avanzado,https://co.computrabajo.com/ofertas-de-trabajo/oferta-de-trabajo-de-coordinador-de-calidad-en-medellin-3F5784540DC203AE61373E686DCF3405#lc=ListOffers-Score0-16
15B01E0286ADAE9A61373E686DCF3405,Analista de Métricas y Datos,IGGA SAS,"4,6",No especificada,Semi-Senior (2-3 años),Universidad / Carrera tecnológica,2,3075000.0,3.075,Excel Avanzado,https://co.computrabajo.com/ofertas-de-trabajo/oferta-de-trabajo-de-analista-de-metricas-y-datos-calidad-de-datos-uraba-y-bajo-cauca-en-medellin-15B01E0286ADAE9A61373E686DCF3405#lc=ListOffers-Score0-17
84B7FAB8911695BA61373E686DCF3405,Especialista en Control y Calidad de Datos,LA ASCENSION S.A,"4,4",Presencial y remoto,Semi-Senior (2-3 años),Universidad / Carrera Profesional,3,3679000.0,3.679,"Power BI, Excel Avanzado, Estadística / Modelamiento, ETL / Pipelines de Datos",https://co.computrabajo.com/ofertas-de-trabajo/oferta-de-trabajo-de-especialista-en-control-y-calidad-de-datos-en-bogota-dc-84B7FAB8911695BA61373E686DCF3405#lc=ListOffers-Score0-18
6D8CA207E9EDDFF261373E686DCF3405,Auxiliar de Calidad,POSTOBON S.A,"4,5",No especificada,Junior / Trainee (0-1 años),Universidad / Carrera técnica,1,,,Estadística / Modelamiento,https://co.computrabajo.com/ofertas-de-trabajo/oferta-de-trabajo-de-auxiliar-de-calidad-en-madrid-6D8CA207E9EDDFF261373E686DCF3405#lc=ListOffers-Score0-0
BEC6812EB2E9201B61373E686DCF3405,Analista de calidad,COMWARE S.A,"4,5",No especificada,Semi-Senior (2-3 años),Universidad / Carrera técnica,2,,,"Excel Avanzado, Estadística / Modelamiento",https://co.computrabajo.com/ofertas-de-trabajo/oferta-de-trabajo-de-analista-de-calidad-medellin-en-medellin-BEC6812EB2E9201B61373E686DCF3405#lc=ListOffers-Score0-1
39725D2A19D715D461373E686DCF3405,Asistente documental y calidad,GESTION SERVICIOS TEMPORALES SAS,"Bogotá, D.C., Bogotá, D.C.",No especificada,Junior / Trainee (0-1 años),Universidad / Carrera técnica,1,,,Excel Avanzado,https://co.computrabajo.com/ofertas-de-trabajo/oferta-de-trabajo-de-asistente-documental-y-calidad-laboratorio-farmaceutico-bogota-en-bogota-dc-39725D2A19D715D461373E686DCF3405#lc=ListOffers-Score0-4
6672B2E80D2DD0FA61373E686DCF3405,Estudiante Universitario en Práctica de Analítica de Datos,envía,"4,5",No especificada,Junior / Trainee (0-1 años),Universidad / Carrera Profesional,1,,,"Python, R, Excel Avanzado, Estadística / Modelamiento",https://co.computrabajo.com/ofertas-de-trabajo/oferta-de-trabajo-de-estudiante-universitario-en-practica-de-analitica-de-datos-en-bogota-dc-6672B2E80D2DD0FA61373E686DCF3405#lc=ListOffers-Score0-5
2566C901E11C2DE461373E686DCF3405,QC Quality Control de Software Sector Seguros,Adecco Colombia S.A.,"4,6",Presencial y remoto,Semi-Senior (2-3 años),Universidad / Carrera Profesional,3,,,"Python, Java / C++, Docker / Kubernetes, Git / Control de Versiones",https://co.computrabajo.com/ofertas-de-trabajo/oferta-de-trabajo-de-qc-quality-control-de-software-sector-seguros-en-bogota-dc-2566C901E11C2DE461373E686DCF3405#lc=ListOffers-Score0-6
1D7DB9B3B4C7A87661373E686DCF3405,"Analista de Calidad Bilingüe, Call Center",Concentrix,"4,5",No especificada,Junior / Trainee (0-1 años),Bachillerato / Educación Media,1,2900000.0,2.9,Excel Avanzado,https://co.computrabajo.com/ofertas-de-trabajo/oferta-de-trabajo-de-analista-de-calidad-bilingue-call-center-presencial-en-medellin-en-bello-1D7DB9B3B4C7A87661373E686DCF3405#lc=ListOffers-Score0-8
9655054552B5AD9261373E686DCF3405,Analista de Calidad Call Center,Concentrix,"4,5",No especificada,Semi-Senior (2-3 años),Universidad / Carrera tecnológica,2,2250000.0,2.25,Excel Avanzado,https://co.computrabajo.com/ofertas-de-trabajo/oferta-de-trabajo-de-analista-de-calidad-call-center-qa-bogota-en-bogota-dc-9655054552B5AD9261373E686DCF3405#lc=ListOffers-Score0-9
D2FFA649B8674D9C61373E686DCF3405,Analista de calidad,Confidencial / No especificada,"Medellín, Antioquia",No especificada,Semi-Senior (2-3 años),Universidad / Carrera Profesional,2,2731592.0,2.731592,"Power BI, Excel Avanzado",https://co.computrabajo.com/ofertas-de-trabajo/oferta-de-trabajo-de-analista-de-calidad-medellin-en-medellin-D2FFA649B8674D9C61373E686DCF3405#lc=ListOffers-Score0-11
F88CE45891616FAA61373E686DCF3405,"Practicante Universitario de Investigación y Desarrollo – Mosquera, Cundinamarca",PRODUCTOS RAMO SAS,"4,6",No especificada,Junior / Trainee (0-1 años),Universidad / Carrera Profesional,1,1750000.0,1.75,Excel Avanzado,https://co.computrabajo.com/ofertas-de-trabajo/oferta-de-trabajo-de-practicante-universitario-de-investigacion-y-desarrollo-mosquera-cundinamarca-ingenieria-de-alimentos-o-ingenieria-quimica-en-mosquera-F88CE45891616FAA61373E686DCF3405#lc=ListOffers-Score0-12
DB4F849B466B334861373E686DCF3405,Aprendiz de Calidad,LACTALIS,"4,4",No especificada,Junior / Trainee (0-1 años),Universidad / Carrera tecnológica,1,1750000.0,1.75,Excel Avanzado,https://co.computrabajo.com/ofertas-de-trabajo/oferta-de-trabajo-de-aprendiz-de-calidad-chia-en-chia-DB4F849B466B334861373E686DCF3405#lc=ListOffers-Score0-13
A5F0F80763BE563A61373E686DCF3405,Laboratorista,ELECTRICOS INTERNACIONAL LIMITADA,"4,5",No especificada,Junior / Trainee (0-1 años),Universidad / Carrera tecnológica,1,2249999.0,2.249999,Estadística / Modelamiento,https://co.computrabajo.com/ofertas-de-trabajo/oferta-de-trabajo-de-laboratorista-sector-electrico-en-bogota-dc-A5F0F80763BE563A61373E686DCF3405#lc=ListOffers-Score0-16
BCA5F72DAEDA8E1461373E686DCF3405,Senior AI Engineer!,CENTRO DE EMPLEO Y TALENTO COLSUBSIDIO,"Bogotá, D.C., Bogotá, D.C.",No especificada,Junior / Trainee (0-1 años),Universidad / Carrera Profesional,1,,,"Python, Machine Learning General, NLP / LLMs, ETL / Pipelines de Datos",https://co.computrabajo.com/ofertas-de-trabajo/oferta-de-trabajo-de-senior-ai-engineer-en-bogota-dc-BCA5F72DAEDA8E1461373E686DCF3405#lc=ListOffers-Score0-17
B82802D20E69268361373E686DCF3405,Analista de Investigación de Mercados/Inmobiliario,Multiempleos S.A.,"4,4",No especificada,Junior / Trainee (0-1 años),Universidad / Carrera Profesional,1,2654000.0,2.654,"Excel Avanzado, Estadística / Modelamiento",https://co.computrabajo.com/ofertas-de-trabajo/oferta-de-trabajo-de-analista-de-investigacion-de-mercadosinmobiliario-en-bogota-dc-B82802D20E69268361373E686DCF3405#lc=ListOffers-Score0-18
4E0FF48BBFF13DFA61373E686DCF3405,Analista de calidad,Confidencial / No especificada,"Pereira, Risaralda",No especificada,Semi-Senior (2-3 años),Universidad / Carrera Profesional,2,2731592.0,2.731592,"Power BI, Excel Avanzado",https://co.computrabajo.com/ofertas-de-trabajo/oferta-de-trabajo-de-analista-de-calidad-pereira-en-pereira-4E0FF48BBFF13DFA61373E686DCF3405#lc=ListOffers-Score0-19
EF3235D2FE2D5B6661373E686DCF3405,Investigaciòn de mercado en el sector inmobiliario,Multiempleos S.A.,"4,4",No especificada,Semi-Senior (2-3 años),Universidad / Carrera Profesional,2,,,"Power BI, Excel Avanzado, Estadística / Modelamiento",https://co.computrabajo.com/ofertas-de-trabajo/oferta-de-trabajo-de-investigacion-de-mercado-en-el-sector-inmobiliario-en-bogota-dc-EF3235D2FE2D5B6661373E686DCF3405#lc=ListOffers-Score0-1
F4DF4ACC0D20FCD761373E686DCF3405,QA Supervisor,SOLVO S.A.S,"4,6",No especificada,Junior / Trainee (0-1 años),Universidad / Carrera técnica,1,,,Excel Avanzado,https://co.computrabajo.com/ofertas-de-trabajo/oferta-de-trabajo-de-qa-supervisor-en-bogota-dc-F4DF4ACC0D20FCD761373E686DCF3405#lc=ListOffers-Score0-2
E64421505817DB7C61373E686DCF3405,QA Supervisor,SOLVO S.A.S,"4,6",No especificada,Junior / Trainee (0-1 años),Universidad / Carrera técnica,1,,,Excel Avanzado,https://co.computrabajo.com/ofertas-de-trabajo/oferta-de-trabajo-de-qa-supervisor-en-barranquilla-E64421505817DB7C61373E686DCF3405#lc=ListOffers-Score0-3
C6FD339093A4250161373E686DCF3405,Auxiliar de calidad,Human Talent SAS,"4,2",No especificada,Junior / Trainee (0-1 años),Universidad / Carrera técnica,1,2000000.0,2.0,Excel Avanzado,https://co.computrabajo.com/ofertas-de-trabajo/oferta-de-trabajo-de-auxiliar-de-calidad-malambo-en-malambo-C6FD339093A4250161373E686DCF3405#lc=ListOffers-Score0-4
B8D9BCE94462DF7D61373E686DCF3405,Analista de calidad,Confidencial / No especificada,"Siberia, Cundinamarca",No especificada,Junior / Trainee (0-1 años),Universidad / Carrera Profesional,1,,,Excel Avanzado,https://co.computrabajo.com/ofertas-de-trabajo/oferta-de-trabajo-de-analista-de-calidad-en-siberia-B8D9BCE94462DF7D61373E686DCF3405#lc=ListOffers-Score0-5
89799C4FF2AC23B461373E686DCF3405,Practicante de Análisis de Redes Sociales / Remoto,SIIGO S.A.S,"4,8",Remoto,Junior / Trainee (0-1 años),Universidad / Carrera Profesional,1,,,"Excel Avanzado, Estadística / Modelamiento",https://co.computrabajo.com/ofertas-de-trabajo/oferta-de-trabajo-de-practicante-de-analisis-de-redes-sociales-remoto-en-bogota-dc-89799C4FF2AC23B461373E686DCF3405#lc=ListOffers-Score0-6
178BE16D3C9F283E61373E686DCF3405,Jefe financiero y riesgo,Confidencial / No especificada,"Santa Marta, Magdalena",Presencial y remoto,Semi-Senior (2-3 años),Universidad / Carrera Profesional,2,,,"Excel Avanzado, Estadística / Modelamiento",https://co.computrabajo.com/ofertas-de-trabajo/oferta-de-trabajo-de-jefe-financiero-y-riesgo-en-santa-marta-178BE16D3C9F283E61373E686DCF3405#lc=ListOffers-Score0-7
EFB0C9115BC258AB61373E686DCF3405,Analista de Calidad – Contact Center (Inglés B2/C1),SOLVO S.A.S,"4,6",No especificada,Junior / Trainee (0-1 años),Universidad / Carrera tecnológica,1,,,Excel Avanzado,https://co.computrabajo.com/ofertas-de-trabajo/oferta-de-trabajo-de-analista-de-calidad-contact-center-ingles-b2c1-en-medellin-EFB0C9115BC258AB61373E686DCF3405#lc=ListOffers-Score0-8
3B1ECF13D18C230261373E686DCF3405,Asistente de investigación de mercados,Confidencial / No especificada,"Bogotá, D.C., Bogotá, D.C.",No especificada,Junior / Trainee (0-1 años),Universidad / Carrera tecnológica,1,1750905.0,1.750905,"Excel Avanzado, Estadística / Modelamiento",https://co.computrabajo.com/ofertas-de-trabajo/oferta-de-trabajo-de-asistente-de-investigacion-de-mercados-en-bogota-dc-3B1ECF13D18C230261373E686DCF3405#lc=ListOffers-Score0-13
CD728F7F4D9F4BBD61373E686DCF3405,Practicante Universitario,Fenavi,"Bogotá, D.C., Bogotá, D.C.",No especificada,Junior / Trainee (0-1 años),Universidad / Carrera técnica,1,2000000.0,2.0,"Excel Avanzado, Estadística / Modelamiento",https://co.computrabajo.com/ofertas-de-trabajo/oferta-de-trabajo-de-practicante-universitario-economia-en-bogota-dc-CD728F7F4D9F4BBD61373E686DCF3405#lc=ListOffers-Score0-15
D6D4B65C16EBE91C61373E686DCF3405,Practicante de Mercadeo y Análisis de Información Comercial,Eficacia,"4,6",Presencial y remoto,Junior / Trainee (0-1 años),Universidad / Carrera Profesional,1,1750905.0,1.750905,Excel Avanzado,https://co.computrabajo.com/ofertas-de-trabajo/oferta-de-trabajo-de-practicante-de-mercadeo-y-analisis-de-informacion-comercial-estudiantes-de-mercadeo-ingenierias-administracion-negocios-o-afines-en-pereira-D6D4B65C16EBE91C61373E686DCF3405#lc=ListOffers-Score0-16
998B75BA081F229461373E686DCF3405,inspector de calidad,Confidencial / No especificada,"Ginebra, Valle del Cauca",No especificada,Junior / Trainee (0-1 años),Universidad / Carrera Profesional,1,2081000.0,2.081,"Excel Avanzado, Estadística / Modelamiento",https://co.computrabajo.com/ofertas-de-trabajo/oferta-de-trabajo-de-inspector-de-calidad-cerrito-ginebra-palmira-en-ginebra-998B75BA081F229461373E686DCF3405#lc=ListOffers-Score0-0
259A8BD3F277349F61373E686DCF3405,Analista de calidad,Adecco Colombia S.A.,"4,6",No especificada,Junior / Trainee (0-1 años),Universidad / Carrera Profesional,1,2444000.0,2.444,Excel Avanzado,https://co.computrabajo.com/ofertas-de-trabajo/oferta-de-trabajo-de-analista-de-calidad-contratacion-inmediata-en-bogota-dc-259A8BD3F277349F61373E686DCF3405#lc=ListOffers-Score0-3
CE41F29D56BA313F61373E686DCF3405,Auxiliar de laboratorio,Confidencial / No especificada,"Tocancipá, Cundinamarca",No especificada,Junior / Trainee (0-1 años),Universidad / Carrera técnica,1,2200000.0,2.2,Excel Avanzado,https://co.computrabajo.com/ofertas-de-trabajo/oferta-de-trabajo-de-auxiliar-de-laboratorio-laboratorio-farmaceutico-en-tocancipa-CE41F29D56BA313F61373E686DCF3405#lc=ListOffers-Score0-6
F73A7A08BBCE2FEB61373E686DCF3405,Analista de calidad,CAJA DE COMPENSACION FAMILIAR DE CALDAS - AGENCIA,"4,7",No especificada,Junior / Trainee (0-1 años),Universidad / Carrera tecnológica,1,2038000.0,2.038,"Excel Avanzado, Estadística / Modelamiento",https://co.computrabajo.com/ofertas-de-trabajo/oferta-de-trabajo-de-analista-de-calidad-en-manizales-F73A7A08BBCE2FEB61373E686DCF3405#lc=ListOffers-Score0-7
44DD3F6E8900D6BA61373E686DCF3405,Profesional notas técnicas,Clínicos Programas de Atención Integral S.A.S. IPS,"4,4",Remoto,Semi-Senior (2-3 años),Universidad / Carrera Profesional,2,4000000.0,4.0,"Python, R, Estadística / Modelamiento",https://co.computrabajo.com/ofertas-de-trabajo/oferta-de-trabajo-de-profesional-notas-tecnicas-en-bogota-dc-44DD3F6E8900D6BA61373E686DCF3405#lc=ListOffers-Score0-8
BB1774320E812BBA61373E686DCF3405,Supervisor de cumplimiento y asuntos regulatorios,BG LABS SAS,"Sotaquirá, Boyacá",No especificada,Junior / Trainee (0-1 años),Universidad / Carrera Profesional,1,3890000.0,3.89,Excel Avanzado,https://co.computrabajo.com/ofertas-de-trabajo/oferta-de-trabajo-de-supervisor-de-cumplimiento-y-asuntos-regulatorios-regulatorio-en-sotaquira-BB1774320E812BBA61373E686DCF3405#lc=ListOffers-Score0-14
AED49C33DA5A893061373E686DCF3405,Profesional Mecanico,Trabajadores Temporales S.A.S.,"4,3",No especificada,Semi-Senior (2-3 años),Universidad / Carrera Profesional,2,,,Excel Avanzado,https://co.computrabajo.com/ofertas-de-trabajo/oferta-de-trabajo-de-profesional-mecanico-club-norte-de-bogota-en-bogota-dc-AED49C33DA5A893061373E686DCF3405#lc=ListOffers-Score0-16
